id,first_name,last_name,email,gender,ip_address
1,Elspeth,Pegden,epegden0@huffingtonpost.com,Female,88.43.159.234
2,Antoine,Benham,abenham1@jugem.jp,Male,96.228.2.0
3,Arvie,Belsham,abelsham2@indiatimes.com,Male,220.248.107.162
4,Sibyl,Leigh,sleigh3@utexas.edu,Male,193.254.187.231
5,Krispin,Kingett,kkingett4@hao123.com,Male,189.244.66.119
6,Fields,Denys,fdenys5@google.nl,Male,36.150.15.198
7,Ross,Polley,rpolley6@elpais.com,Male,117.14.34.26
8,Valaria,Scaice,vscaice7@gnu.org,Female,108.109.187.78
9,Alix,Measor,ameasor8@wix.com,Male,114.220.11.94
10,Dallas,Sankey,dsankey9@cmu.edu,Female,246.107.47.155
11,Marget,Huxton,mhuxtona@liveinternet.ru,Female,238.90.144.111
12,Jessey,Million,jmillionb@pinterest.com,Male,4.210.66.13
13,Benedikta,Jelf,bjelfc@stanford.edu,Female,194.134.251.228
14,Oby,Wilden,owildend@biblegateway.com,Male,98.250.231.193
15,Putnem,Sissland,psisslande@yale.edu,Male,100.128.107.65
16,Dave,Vesque,dvesquef@cargocollective.com,Male,13.183.100.209
17,Rance,Leband,rlebandg@addthis.com,Male,244.131.229.210
18,Oliver,Overall,ooverallh@senate.gov,Male,61.143.76.6
19,Rickey,Vedstra,rvedstrai@amazon.co.jp,Male,213.199.66.190
20,Leonanie,Hails,lhailsj@hibu.com,Female,134.144.29.219
21,Vidovik,Meriguet,vmeriguetk@cnet.com,Male,214.149.89.48
22,Ranique,Lounds,rloundsl@elpais.com,Female,189.210.81.136
23,Dolley,McParland,dmcparlandm@blinklist.com,Female,125.20.77.157
24,Ame,Zupa,azupan@ehow.com,Female,178.158.150.18
25,Georgeanna,Kieff,gkieffo@archive.org,Female,223.147.148.135
26,Bat,Rosettini,brosettinip@hostgator.com,Male,84.166.215.132
27,Kevina,Broomer,kbroomerq@senate.gov,Female,246.187.35.167
28,Doe,Probyn,dprobynr@mtv.com,Female,52.200.120.190
29,Eugene,Slyvester,eslyvesters@github.io,Male,203.193.198.248
30,Dilan,Tohill,dtohillt@vistaprint.com,Male,32.187.164.251
31,Mortimer,Blumsom,mblumsomu@house.gov,Male,158.247.9.224
32,Kenyon,Kingsworth,kkingsworthv@usatoday.com,Male,110.158.210.204
33,Stephanie,Higgen,shiggenw@mapy.cz,Female,39.46.251.59
34,Thomasina,Lambole,tlambolex@umn.edu,Female,38.25.8.140
35,Zelig,Nijssen,znijsseny@cafepress.com,Male,102.179.243.80
36,Niven,Rathke,nrathkez@dot.gov,Male,91.25.103.210
37,Agosto,Brislane,abrislane10@aboutads.info,Male,231.163.56.48
38,Rhody,Bowdidge,rbowdidge11@howstuffworks.com,Female,111.235.94.108
39,Darlene,Fynn,dfynn12@businesswire.com,Female,18.80.80.254
40,Mischa,Ladbrook,mladbrook13@ebay.co.uk,Male,220.181.119.18
41,Dorolisa,Marusyak,dmarusyak14@google.de,Female,231.45.182.54
42,Archaimbaud,Nevison,anevison15@sun.com,Male,140.42.92.160
43,Shaylah,Hoyte,shoyte16@prlog.org,Female,51.88.78.236
44,Brig,McVeagh,bmcveagh17@paginegialle.it,Male,33.70.120.237
45,Juliane,Izzatt,jizzatt18@163.com,Female,189.202.52.157
46,Brooks,Leyshon,bleyshon19@bizjournals.com,Female,178.242.139.166
47,Dana,Shepton,dshepton1a@cafepress.com,Male,214.184.141.11
48,Kayla,Joao,kjoao1b@nifty.com,Female,188.24.135.109
49,Tania,Salkeld,tsalkeld1c@freewebs.com,Female,175.186.243.90
50,Herbie,Garvin,hgarvin1d@imdb.com,Male,36.5.95.17
51,Leland,Paulsen,lpaulsen1e@desdev.cn,Female,177.108.161.37
52,Hilliard,Caseborne,hcaseborne1f@npr.org,Male,203.145.84.217
53,Kettie,Langshaw,klangshaw1g@hugedomains.com,Female,174.104.202.119
54,Stevy,Readwing,sreadwing1h@netscape.com,Male,89.86.91.222
55,Juieta,Beceril,jbeceril1i@goo.gl,Female,108.22.119.213
56,Mason,Hastin,mhastin1j@bing.com,Male,174.7.44.242
57,Melissa,Rowlands,mrowlands1k@hubpages.com,Female,251.194.56.91
58,Brion,Woodford,bwoodford1l@un.org,Male,240.16.98.4
59,Nani,Wreiford,nwreiford1m@wix.com,Female,105.226.37.0
60,Noland,Ree,nree1n@51.la,Male,252.4.15.191
61,Frayda,Christopher,fchristopher1o@constantcontact.com,Female,212.17.207.98
62,Branden,Brimner,bbrimner1p@booking.com,Male,73.254.248.237
63,Marilee,Common,mcommon1q@rediff.com,Female,177.103.14.69
64,Mikkel,Lightbourne,mlightbourne1r@dailymail.co.uk,Male,203.226.198.80
65,Roslyn,Sansome,rsansome1s@multiply.com,Female,130.41.204.29
66,York,Henden,yhenden1t@bbc.co.uk,Male,145.83.123.33
67,Antonietta,Falls,afalls1u@constantcontact.com,Female,123.217.195.148
68,Gearalt,Dowrey,gdowrey1v@netvibes.com,Male,85.196.226.197
69,Jaimie,Bevington,jbevington1w@issuu.com,Male,116.110.80.193
70,Augustus,Daintith,adaintith1x@tiny.cc,Male,5.64.206.51
71,Wynn,Marcinkowski,wmarcinkowski1y@mozilla.com,Male,106.5.16.251
72,Saidee,McKoy,smckoy1z@facebook.com,Female,44.130.20.239
73,Sergio,Stirman,sstirman20@howstuffworks.com,Male,166.88.251.164
74,Tedman,Tomkies,ttomkies21@hhs.gov,Male,32.6.131.158
75,Alberik,Jonathon,ajonathon22@bandcamp.com,Male,14.189.162.194
76,Leon,Wrintmore,lwrintmore23@spiegel.de,Male,35.252.213.24
77,Colin,Garrie,cgarrie24@ca.gov,Male,246.45.200.138
78,Tracy,Hegg,thegg25@bloglovin.com,Male,218.184.233.76
79,Rollins,Metzel,rmetzel26@google.co.jp,Male,119.56.159.169
80,Paton,Giraldon,pgiraldon27@usatoday.com,Male,150.60.154.175
81,Martyn,Branscombe,mbranscombe28@simplemachines.org,Male,127.72.122.136
82,Norbie,Peek,npeek29@desdev.cn,Male,18.212.3.89
83,Freda,Ballach,fballach2a@washingtonpost.com,Female,99.35.114.188
84,Herman,Stevens,hstevens2b@hhs.gov,Male,23.254.113.217
85,Kellen,Kick,kkick2c@nps.gov,Female,229.195.52.9
86,Ernesto,Doxey,edoxey2d@google.co.uk,Male,36.51.96.246
87,Kimmi,Mingo,kmingo2e@people.com.cn,Female,215.66.171.245
88,Iggie,Bartens,ibartens2f@exblog.jp,Male,188.104.237.96
89,Berkly,Stubbings,bstubbings2g@nationalgeographic.com,Male,183.85.179.73
90,Shel,Fidock,sfidock2h@bandcamp.com,Female,79.189.237.4
91,Lilia,Blanche,lblanche2i@rediff.com,Female,46.68.159.190
92,Anna,Loker,aloker2j@bizjournals.com,Female,235.176.2.159
93,Letti,Wiles,lwiles2k@pen.io,Female,71.230.199.161
94,Lira,Hekkert,lhekkert2l@apple.com,Female,252.173.73.203
95,Rafferty,Cornewell,rcornewell2m@ask.com,Male,88.88.194.158
96,Paxton,Diemer,pdiemer2n@wufoo.com,Male,138.231.105.165
97,Bev,Bray,bbray2o@walmart.com,Male,79.187.196.130
98,Carmita,Lettsom,clettsom2p@google.ru,Female,102.142.212.109
99,Catlaina,St Leger,cstleger2q@shop-pro.jp,Female,7.111.6.25
100,Mauricio,Drewry,mdrewry2r@reverbnation.com,Male,79.15.11.187
